Handle,Variant SKU,Title,description,old-description
perekhodnik-hdmi-to-vga-audio-35mm-usb-pitanie-mosunx-mmar,77286,Перехідник HDMI to VGA/ додаткове живлення/аудіо 77286,"<div>
  <p>Адаптер для перетворення HDMI сигналу в VGA.</p>
  <strong>Характеристики:</strong>
  <ul>
    <li>Вхід HDMI: HDMI Вхідний інтерфейс</li>
    <li>Вхід microUSB: MicroUSB 5 вольт Вхідний інтерфейс</li>
    <li>Вихід VGA: VGA вихідний інтерфейс</li>
    <li>Вихід 3.5 мм. джек</li>
    <li>HDMI (папа) і VGA RGB (мама)</li>
    <li>Підтримка роздільної здатності 720P або 1080P</li>
    <li>Підходить для HDMI-пристроїв (ПК, DVD, PS3, PS4, Xbox360) і VGA-вихідних пристроїв (монітори, проектори)</li>
    <li>Вбудований чипсет</li>
    <li>Довжина: 18 см</li>
    <li>Передає сигнал в сторону від HDMI до VGA (працює тільки в один бік)</li>
  </ul>
  <strong>Сумісність:</strong>
  <ul>
    <li>ПК</li>
    <li>Android-приставки</li>
    <li>Xbox360</li>
    <li>Sony Playstation 3</li>
    <li>Sony Playstation 4</li>
    <li>Т2 тюнери</li>
    <li>DVD плеєри</li>
    <li>Ноутбуки</li>
    <li>STB</li>
  </ul>
  <strong>Комплектність:</strong>
  <ul>
    <li>Адаптер HDMI - VGA</li>
    <li>Аудіокабель (довжина 50 см)</li>
    <li>USB кабель</li>
    <li>Напівпрозора упаковка</li>
  </ul>
</div>
","HDMI в VGA адаптер конвертер видео аудио переходник на tv тюнер T2 Xbox с бокс преобразователь Playstation 3 4

Адаптер для преобразования HDMI сигнала в VGA. Позволит подключить монитор, телевизор или проектор с аналоговым VGA выходом к HDMI устройству.

Для подключиния Android приставок, Xbox360, Sony Playstation 3, Sony Playstation 4, Т2 тюнеров, DVD плееров и другив видео устройст с HDMI выходом к старому монитору LCD жыдкокристалическому или другому монитору с VGA входом.

Конвертер HDMI - VGA  может быть использован в ноутбуках, STB, DVD и других устройствах HD. Он преобразует цифровой видео HDMI в аналоговый интерфейс VGA. Этот конвертер действительно решает проблему конфликта между цифровыми и аналоговыми сигналами, при этом вы не меняете устройство и по-прежнему пользуетесь HD оборудованием. Не требует питания (питается от HDMI), не требует никаких дополнительных настроек и т.д. Просто включи и работай.

Спросите у нас. Как сделать монитор как телевизор? - Легко.

Нужна консультация? Мы с радостью ответим на все Ваши вопросы.

Подходит так же для Т2 тюнеров

Качество: высокое.



Цвет: черный



Разъемы:




	Вход HDMI: HDMI Входной интерфейс
	Вход microUSB: MicroUSB 5 вольт Входной интерфейс
	Выход VGA: VGA выходной интерфейс
	Выход 3.5 мм. джек


 Характеристики:



	HDMI(папа) и VGA RGB(мама).
	Питание от HDMI
	Поддерживает полный разрешение 720 P или 1080 P
	Подходит для hdmi-устройств (например, ПК, DVD, PS3, PS4, Xbox360, и др.) и VGA-выход устройства (такие как монитор, проекторы и др.)
	Встроенный чипсет
	Для подключения вашего ПК или планшета к ТВ или Монитору
	Подходит для всех устройств с таким типом разьемов
	Длина: 18см
	Передает сигнал в сторону от HDMI - VGA. Работает только в одну сторону.


Комплектность:


	адаптер HDMI - VGA
	аудиокабель (длина 50см.)
	USB кабель
	упаковка полупрозрачная




"
perekhodnik-hdmi-vga-35mm-kabel-v-komplekte-blister,77036,Перехідник HDMI у VGA з аудіо входом 3.5 мм; 77036,"<div>
    <p>Адаптер для перетворення HDMI сигналу в VGA.</p>
    <ul>
        <li>Вхід HDMI: HDMI вхідний інтерфейс</li>
        <li>Вихід VGA: VGA вихідний інтерфейс</li>
        <li>Вихід 3.5 мм. джек</li>
    </ul>
    <ul>
        <li>HDMI (папа) і VGA RGB (мама)</li>
        <li>Живлення від HDMI</li>
        <li>Підтримує повне розширення 720 P або 1080 P</li>
        <li>Вбудований чипсет</li>
        <li>Для підключення ПК або планшета до ТВ або монітора</li>
        <li>Підходить для всіх пристроїв з таким типом роз'ємів</li>
        <li>Довжина: 18 см</li>
        <li>Передає сигнал в сторону від HDMI до VGA. Працює тільки в одну сторону.</li>
    </ul>
    <div>
        <strong>Сумісність:</strong>
        <ul>
            <li>ПК</li>
            <li>DVD</li>
            <li>PS3</li>
            <li>Xbox360</li>
            <li>Т2 тюнери</li>
            <li>Монітори</li>
            <li>Проектори</li>
        </ul>
    </div>
    <div>
        <strong>Комплектність:</strong>
        <ul>
            <li>Адаптер HDMI - VGA</li>
            <li>Аудіокабель (довжина 50 см)</li>
            <li>Упаковка напівпрозора</li>
        </ul>
    </div>
</div>
","HDMI на VGA 1080p адаптер конвертер видео переходник кабель T2



Адаптер для преобразования HDMI сигнала в VGA. Позволит подключить монитор, телевизор или проектор с аналоговым VGA выходом к HDMI устройству.

Для подключиния Android приставок, Xbox360, Sony Playstation 3, Т2 тюнеров, DVD плееров и другив видео устройст с HDMI выходом к старому монитору LCD жыдкокристалическому или другому монитору с VGA входом

Конвертер HDMI - VGA  может быть использован в ноутбуках, STB, DVD и других устройствах HD. Он преобразует цифровой видео HDMI в аналоговый интерфейс VGA, переходник от монитора к т2 цифровой приставки. Этот конвертер действительно решает проблему конфликта между цифровыми и аналоговыми сигналами, при этом вы не меняете устройство и по-прежнему пользуетесь HD оборудованием. Не требует питания (питается от HDMI), не требует никаких дополнительных настроек и т.д. Просто включи и работай.

Спросите у нас. Как подключить пс к монитору? Как сделать монитор как телевизор? Как сделать монитор как телевизор?

Мы ответим - легко! Нужна консультация? Мы с радостью ответим на все Ваши вопросы.

Подходит так же для Т2 тюнеров

Качество: высокое.



Цвет: черный



Разъемы:




	Вход HDMI: HDMI Входной интерфейс
	Выход VGA: VGA выходной интерфейс
	Выход 3.5 мм. джек


 Характеристики:



	HDMI(папа) и VGA RGB(мама).
	Питание от HDMI
	Поддерживает полный разрешение 720 P или 1080 P
	Подходит для hdmi-устройств (например, ПК, DVD, PS3, Xbox360, и др.) и VGA-выход устройства (такие как монитор, проекторы и др.)
	Встроенный чипсет
	Для подключения вашего ПК или планшета к ТВ или Монитору
	Подходит для всех устройств с таким типом разьемов
	Длина: 18см
	Передает сигнал в сторону от HDMI - VGA. Работает только в одну сторону.


Комплектность:


	адаптер HDMI - VGA
	аудиокабель (длина 50см.)
	упаковка полупрозрачная


Есть вопрос? Напишите нам






"
hdmi-v-av-rca-tulpan-usb-kabel-pitaniya-tishric-mjt257,77298,Перехідник HDMI у тюльпан (RCA); HDMI2AV Tishric 77298,"<div>
    <p>Конвертує сигнал HDMI в аналоговий аудіо/відео сигнал RCA.</p>
    <div>
        <strong>Характеристики:</strong>
        <ul>
            <li>RCA (мама) і HDMI (мама)</li>
            <li>Підключення живлення через USB</li>
            <li>Підтримка роздільної здатності 720P або 1080P</li>
            <li>Підходить для HDMI-пристроїв (ПК, DVD, PS3, PS4, Xbox360 тощо) та RCA/AV/CVBS-виходів (монітори, проектори тощо)</li>
            <li>Вбудований чипсет</li>
            <li>Для підключення ПК, відеомагнітофонів, відеокамер до ТВ або моніторів</li>
            <li>Підходить для всіх пристроїв з такими типами роз'ємів</li>
            <li>Довжина: 18 см</li>
            <li>Передає сигнал тільки в напрямку HDMI - RCA</li>
        </ul>
    </div>
    <div>
        <strong>Сумісність:</strong>
        <ul>
            <li>ТВ тюнери</li>
            <li>Відеоприставки</li>
            <li>Sony PlayStation 1, 2, 3, 4</li>
            <li>Відеокарти</li>
            <li>Комп'ютери</li>
            <li>ТВ бокси</li>
            <li>Т2 тюнери</li>
            <li>Супутникові ресивери</li>
        </ul>
    </div>
    <div>
        <strong>Комплектність:</strong>
        <ul>
            <li>Адаптер HDMI-RCA (AV)</li>
            <li>Мануал</li>
            <li>Полупрозора упаковка</li>
            <li>Кабель живлення</li>
        </ul>
    </div>
</div>
","Адаптер HDMI - AV/RCA/CVBS 0.15 м Black

Конвертер видеосигнала HDMI2AV/RCA/CVBS аудио видео адаптер с питанием в тюльпан преобразователь

Нужна консультация? Мы с радостью ответим на все Ваши вопросы.

Этот миниатюрный переходник производит с HDMI цифрового сигнала в  аналоговой аудиовидео сигнала и аудео сигнала RCA (тюльпан).

Внимание: переходник однонаправленный, работает только в направлении из HDMI в RCA/AV/CVBS !

Примеры использования - подключение ТВ тюнера, видео приставки, Sony Playctation 1 2 3 4, видеокарт, копютеров, тв бокс приставок, выходом HDMI к разъемам типа ""тюльпан"" RCA к старому телевизору  или монитору с входом тюльпан RCA/AV/CVBS.

Питание конвертера осуществляется посредством USB кабеля, который идет в комплекте. Этот кабель одной стороной нужно подключить к конвертеру, а другим  - в любой USB порт (например, выход USB в телевизоре или зарядке от смартфона).

Внимание: на выходе из конвертера Вы получите изображение соответствующее аналоговому сигналу, Вы не получите HD качество изображения. Учтите это перед покупкой, проконсультируйтесь с нами бесплатно.

Подходит так же для Т2 тюнеров, спутниковых ресиверов

Качество: высокое.



Цвет: черный.



Разъемы:




	Вход HDMI: HDMI Входной интерфейс
	Вход: USB выходной интерфейс
	Выход RCA: RCA (AV) выходной интерфейс


 Характеристики:



	RCA(мама) и HDMI(мама).
	Питание от USB
	Поддерживает полный разрешение 720 P или 1080 P
	Подходит для hdmi-устройств (например, ПК, DVD, PS3,PS4, Xbox360, и др.) и RCA/AV/CVBS-выход устройства (такие как монитор, проекторы и др.)
	Встроенный чипсет
	Для подключения вашего ПК, видеомагнитофона, видиокамер к ТВ или Монитору
	Подходит для всех устройств с таким типом разьемов
	Длина: 18см
	Передает сигнал в сторону от HDMI - RCA. Работает только в одну сторону.


Комплектность:


	адаптер  HDMI-RCA(AV)
	мануал
	полупрозрачаня упаковка
	кабель питания



"
perekhodnik-mini-displayport-to-vga-sku015028,77122,Перехідник Mini DisplayPort to VGA/SKU015028,"<div>
    <p>Підключення пристроїв з Mini DisplayPort до VGA моніторів.</p>
    <p><strong>Характеристики:</strong></p>
    <ul>
        <li>Підтримка до 1080p 1920 х 1200</li>
        <li>Матеріал: Пластиковий корпус</li>
        <li>Тип інтерфейсу: Mini DisplayPort DP для VGA</li>
        <li>Довжина кабелю: 22 см</li>
        <li>Підтримка: Mini DisplayPort 1.1a</li>
        <li>Розміри: 21.8x4.5x1.5 см</li>
        <li>Вага: 44 г</li>
    </ul>
    <p><strong>Сумісність:</strong></p>
    <ul>
        <li>iMac</li>
        <li>Mac Mini</li>
        <li>Mac Pro</li>
        <li>MacBook Air</li>
        <li>MacBook Pro 13 inch</li>
        <li>MacBook Pro 15 inch</li>
        <li>MacBook Pro 17 inch</li>
    </ul>
    <p><strong>Елементи, що входять до комплекту:</strong></p>
    <ul>
        <li>Адаптер</li>
    </ul>
</div>
","Apple Переходник mini DisplayPort VGA Mac Кабель адаптер miniDP M ВГА 15 Pin F мама Адаптер Apple A1307 Mini DisplayPort to VGA Adapter (MB572Z/A) Переходник

Нужна консультация? Мы с радостью ответим на все Ваши вопросы.

Адаптер переходник HDMI-VGA цифро-аналоговый преобразователь ― прекрасно подойдет для решения проблем подключения современных устройств (ноутбуки, планшеты, телефоны) с разъёмом Mini Display Port DP к устаревшему оборудованию (мониторы, планшеты, проекторы и т.д.) с разъёмом VGA.

Качество: высокое.



Цвет:  белый.



Разъемы:




	Вход mini DisplayPort входной интерфейс
	Выход VGA: VGA выходной интерфейс




Характеристики:



	Поддерживает до 1080p 1920 х 1200 снижается гашения разрешение видео
	Материал: Пластиковый корпус
	Тип интерфейса:  Mini Display Port DP для VGA
	Длина кабеля: 22 cm
	Поддержка: Mini DisplayPort 1.1a
	Размеры: 21.8x4.5x1.5cm
	Вес: 44g


Комплектность:


	iMac Mac Mini Mac Pro MacBook Air MacBook Pro 13 inch

	MacBook Pro 15 inch MacBook Pro 17 дюймов


Комплектность:


	адаптер

"
77103,77103,Перехідник mini DisplayPort на HDMI адаптер Apple MacBook 77103,"<div>
  <p>Адаптер для підключення Mini DisplayPort до HDMI.</p>
  <ul>
    <li><strong>Вхід:</strong> Mini DisplayPort</li>
    <li><strong>Вихід:</strong> HDMI</li>
    <li><strong>Сумісність:</strong></li>
    <ul>
      <li>Apple MacBook PRO</li>
      <li>Microsoft Surface Pro 1, 2, 3, 4, 5, 6, 7</li>
      <li>Dock station Laprop 1, 2, 3</li>
      <li>Surface Book 1, 2, 3</li>
    </ul>
  </ul>
  <p><strong>Комплект містить:</strong></p>
  <ul>
    <li>Адаптер Mini DisplayPort на HDMI</li>
  </ul>
</div>
","Thunderbolt Мини-дисплей порт MiniDisplay port на HDMI адаптер для Apple MacBook PRO dp Microsoft Surface Pro 1 2 3 4 5 6 7 Dock station Laprop 1 2 3 Surface Book 1 2 3

Нужна консультация? Мы с радостью ответим на все Ваши вопросы.










"
77385,77385,Перехідник mini DisplayPort на HDMI адаптер-конвертер Macbook Thunderbolt 77385,"<div>
    <p>Адаптер для підключення Macbook до HDMI моніторів або проекторів.</p>
    <ul>
        <li>Версія Mini DP: V1.2</li>
        <li>Вхід: Mini DP чоловічий 20-контактний</li>
        <li>Вихід: HDMI жіночий тип 19-контактний</li>
        <li>Максимальна роздільна здатність: 1080P Full HD</li>
        <li>Довжина кабелю: близько 220 мм</li>
        <li>Колір: чорний</li>
        <li>Матеріал: ПК (полікарбонат)</li>
    </ul>
    <p><strong>Сумісність:</strong></p>
    <ul>
        <li>Усі пристрої з Mini DP входом</li>
        <li>Пристрої з HDMI виходом</li>
    </ul>
    <p><strong>Комплектація:</strong></p>
    <ul>
        <li>Конвертер Mini DP (Mini DisplayPort) на HDMI</li>
    </ul>
</div>
","Конвертер Mini DisplayPort на HDMI Адаптер для Macbook Thunderbolt

Поддерживает разрешения до 1080 P (1080 P Full HD) для HD мониторов или проекторов подходит для всех Мини DP вход и выход HDMI интерфейс устройства встроенный чип преобразованияулучшает совместимость подключи и Играй, без специальной установки.


	 мини DP К HDMI адаптер DP Версии мини DP V1.2
	вход: Мини Мужчина DP 20pin
	выход: HDMI Женский Тип 19pin максимальная
	Разрешение: 1080 P
	Длина кабеля: около 220 мм
	цвет: черный
	материал: PC


Комплектация:


	Конвертер Mini DP Mini DisplayPort на HDMI

"
konverter-rca-tulpan-v-hdmi-av2hdmi-upscaler-1080p-ssriver,77278,Перехідник RCA (тюльпан) у HDMI av2hdmi upscaler 77278,"<div>
    <p>Цифровізація аналогового аудіо-відеосигналу RCA до HDMI.</p>
    <ul>
        <li><strong>Роз'єми:</strong></li>
        <li>Вхід RCA: RCA (AV) Вхідний інтерфейс</li>
        <li>Вхід: USB вихідний інтерфейс</li>
        <li>Вихід HDMI: HDMI вихідний інтерфейс</li>
    </ul>
    <ul>
        <li><strong>Характеристики:</strong></li>
        <li>RCA(мама) і HDMI(мама)</li>
        <li>Живлення від USB</li>
        <li>Підтримує повний роздільну здатність 720 P або 1080 P</li>
        <li>Підходить для HDMI-пристроїв (наприклад, ПК, DVD, PS3, PS4, Xbox360, і ін.)</li>
        <li>Вбудований чіпсет</li>
        <li>Для підключення ПК, відеомагнітофона, відеокамер до ТВ або Монітору</li>
        <li>Підходить для всіх пристроїв з таким типом роз'ємів</li>
        <li>Довжина: 18 см</li>
        <li>Передає сигнал в сторону від RCA до HDMI. Працює тільки в одну сторону</li>
    </ul>
    <ul>
        <li><strong>Сумісність:</strong></li>
        <li>ПК</li>
        <li>DVD</li>
        <li>PS3</li>
        <li>PS4</li>
        <li>Xbox360</li>
        <li>Монітори</li>
        <li>Проектори</li>
    </ul>
    <ul>
        <li><strong>Комплектність:</strong></li>
        <li>Адаптер (AV) RCA-HDMI</li>
        <li>Мануал</li>
        <li>Напівпрозора упаковка</li>
        <li>Кабель живлення</li>
    </ul>
</div>
","Конвертер видеосигнала RCA (тюльпан)(AV) в HDMI av2hdmi upscaler, FullHD

Этот миниатюрный переходник производит оцифровку аналогового аудиовидео сигнала и аудео сигнала RCA (тюльпан) в HDMI.

Внимание: переходник однонаправленный, работает только в направлении из RCA в HDMI!

Примеры использования - подключение ТВ тюнера, видиомагнитофона, видео игровой приставки Sega mega drive 3, Dendy, Sega Dreamcast, Sony Playstation с выходом типа ""тюльпан"" RCA к современному телевизору  или монитору с входом HDMI.

Питание конвертера осуществляется посредством USB кабеля, который идет в комплекте. Этот кабель одной стороной нужно подключить к конвертеру, а другим  - в любой USB порт (например, выход USB в телевизоре или зарядке от смартфона).

Внимание: на выходе из конвертера Вы получите изображение соответствующее аналоговому сигналу, Вы не получите HD качество изображения. Учтите это перед покупкой, проконсультируйтесь с нами бесплатно.

Качество: высокое.



Цвет: белый.



Разъемы:




	Вход RCA: RCA (AV) Входной интерфейс
	Вход: USB выходной интерфейс
	Выход HDMI: HDMI выходной интерфейс


 Характеристики:



	RCA(мама) и HDMI(мама).
	Питание от USB
	Поддерживает полный разрешение 720 P или 1080 P
	Подходит для hdmi-устройств (например, ПК, DVD, PS3,PS4, Xbox360, и др.) и HDMI-выход устройства (такие как монитор, проекторы и др.)
	Встроенный чипсет
	Для подключения вашего ПК, видеомагнитофона, видиокамер к ТВ или Монитору
	Подходит для всех устройств с таким типом разьемов
	Длина: 18см
	Передает сигнал в сторону от RCA - HDMI. Работает только в одну сторону.


Комплектность:


	адаптер (AV) RCA-HDMI
	мануал
	полупрозрачаня упаковка
	кабель питания





"
adapter-vga-to-hdmi-1080p-audio-am030a01-p1,77210,Перехідник VGA to HDMI/77210,"<div>
    <p>Адаптер для перетворення VGA сигналу в HDMI.</p>
    <ul>
        <li>Вхід VGA: VGA Вхідний інтерфейс</li>
        <li>Вхід 3.5 мм джек</li>
        <li>Вихід HDMI: HDMI вихідний інтерфейс</li>
    </ul>
    <p><strong>Характеристики:</strong></p>
    <ul>
        <li>HDMI (мама) і VGA RGB (мама)</li>
        <li>Живлення від USB</li>
        <li>Підтримує повне розділення 720 P або 1080 P</li>
        <li>Підходить для VGA-пристроїв з виходом (наприклад, ПК, DVD, ноутбук, нетбук, і ін.) і HDMI-входом пристроїв (такі як монітори, проектори і ін.)</li>
        <li>Вбудований чипсет</li>
        <li>Для підключення вашого ПК або планшета до ТВ або монітора</li>
        <li>Підходить для всіх пристроїв з такими типами роз'ємів</li>
        <li>Довжина: 60 см</li>
        <li>Передає сигнал в сторону від VGA до HDMI. Працює тільки в одну сторону</li>
    </ul>
    <p><strong>Сумісність:</strong></p>
    <ul>
        <li>ПК</li>
        <li>Ноутбуки</li>
        <li>Відеореєстратори</li>
        <li>Монітори</li>
        <li>Телевізори</li>
        <li>Проектори</li>
        <li>Нетбуки</li>
        <li>DVD</li>
    </ul>
    <p><strong>Комплектність:</strong></p>
    <ul>
        <li>Адаптер VGA-HDMI</li>
        <li>USB кабель</li>
        <li>Інструкція</li>
    </ul>
</div>
","

Конвертер VGA - HDMI со звуком и питанием преобразователь адаптер видеосигнала VGA2HDMI

видео + аудио c звук до 1080P

Нужна консультация? Мы с радостью ответим на все Ваши вопросы.

Адаптер для преобразования VGA сигнала в HDMI. Позволит подключить монитор, телевизор или проектор с аналоговым HDMI входом к VGA устройству.

Конвертер с VGA на HDMI подходит для подключения устройств с выходом VGA (компьютеров, ноутбуков, видео регистраторов и т.д) к современным мониторам, ТВ, проэкторам и т.д. с входом HDMI.

Переходник предназначен для преобразования аналогового сигнала VGA + звукового стерео сигнала в цифровой HDMI.

Конвертер VGA - HDMI  может быть использован в ноутбуках, STB, DVD, видеорегистраторах, пунктах видеонаблюдения и других устройствах HD. Он преобразует аналоговый интерфейс VGA в цифровой видео HDMI. Этот конвертер действительно решает проблему конфликта между цифровыми и аналоговыми сигналами, при этом вы не меняете устройство и по-прежнему пользуетесь аналоговым оборудованием. Преобразователь VGA в HDMI или конвертер vga to hdmi ето и есть активный конвертер vga to hdmi со звуком и питанием. Преобразователь vga hdmi легко справится с задачей.

Качество: высокое.



Цвет:  черный, белый.



Разъемы:




	Вход VGA: VGA Входной интерфейс
	Вход 3.5 мм. джек
	Выход HDMI: HDMI выходной интерфейс


 Характеристики:



	HDMI(мама) и VGA RGB(мама).
	Питание от USB
	Поддерживает полный разрешение 720 P или 1080 P
	Подходит для VGA-устройств выход  (например, ПК, DVD, ноутбук, нетбук, и др.) и HDMI-входом устройства (такие как монитор, проекторы и др.)
	Встроенный чипсет
	Для подключения вашего ПК или планшета к ТВ или Монитору
	Подходит для всех устройств с таким типом разьемов
	Длина: 60 см
	Передает сигнал в сторону от VGA - HDMI. Работает только в одну сторону.


Комплектность:


	адаптер VGA-HDMI
	USB кабель
	Инструкция



"
perekhodnik-audio-optikakoaksial-to-2rca-35mm-blok-pitaniy,77307,Перехідник аудіо-оптика на 3.5 мм + тюльпани/toslink to 3.5mm jack/RCA; з кабелем; 77307,"<div>
  <p>Преобразує цифровий аудіосигнал в аналоговий для підключення колонок.</p>
  <p><strong>Характеристики:</strong></p>
  <ul>
    <li>Вхід: 1 х Toslink, 1 x RCA (коаксіальний)</li>
    <li>Вихід: RCA L / R аудіо (стерео - тюльпан)</li>
    <li>Вихід: 3,5 мм гніздо для навушників</li>
    <li>Простий в установці та експлуатації</li>
    <li>Простота у використанні: установка за кілька секунд, без налаштування</li>
    <li>Підтримує частоти дискретизації 32, 44,1, 48 та 96 кГц</li>
    <li>24-бітний S / PDIF потік на лівий та правий канали</li>
    <li>Електромагнітна безшумна передача</li>
  </ul>
  <p><strong>Сумісність:</strong></p>
  <ul>
    <li>Телевізори з оптичним виходом (SPDIF)</li>
    <li>Двоканальна акустика</li>
    <li>Колонки</li>
    <li>Музичні центри</li>
    <li>Зовнішні пристрої з RCA-входом</li>
  </ul>
  <p><strong>Комплектація:</strong></p>
  <ul>
    <li>1 * Analog to Digital Audio конвертер</li>
    <li>1 * оптичний кабель 1 метр</li>
    <li>1 * USB кабель для живлення</li>
    <li>1 * Роздрібна упаковка</li>
  </ul>
</div>
","Конвертер звука оптический 3,5 под наушники  Digital to Analog Audio (цифровой в аналоговый) преобразователь на тюльпан для подключения колонок и музыкального центра к телевизору с оптическим выходом

Если есть  вопросы, или помощь в подключении и настройке, рады помочь в телефонном режиме. Номера телефонов указаны.

Конвертер Digital to Analog Audio преобразует цифровий оптический  L / R аудио сигнал или коаксиальный в аналоговый  аудио .  Этот цифровой конвертер имеет небольшие размеры и довольно простой в установке.

Данный конвертер легко решает проблему подключения современных телевизоров по оптическому выходу (SPDIF) Digital audio out к двух-канальной акустике, колонка, музыкальному центру.

Звук на выходе качественный, поддерживает весь спектр частот 20 Гц - 20 кГц. Намного лучше встроенного в телевизоре выхода на наушники.

Цифро-аналоговый Audio Converter предназначен как для домашней так и профессиональной аудио коммутации. Он преобразует как коаксиальный так и оптический цифровой аудио сигнал в аналоговые L / R аудио и доступны для подключения к внешних устройств, таких как усилитель через стандартные RCA-разъемы (тюльпаны - стерео).Преобразует коаксиальный или Toslink оптический цифровой аудио сигналов в аналоговый стерео L / R аудио сигнал.

Этот конвертер является небольшого размера и весьма прост в установке.

В комплекте конвертер, оптический кабель который подключается одной стороной в телевизор и другой стороной в конвертер, и есть USB кабель. Вы спросите, где зарядное устройство? Зарядного устройства в большинстве случаев не требуется, поскольку USB кабелем можно подключиться к любым приборов или зарядных устройств имеющих выход на USB в частности, большинство наших клиентов подключают к USB порту телевизора. Почему? Это удобно, легко можно спрятать конвертер за телевизор и к нему не нужно протягивать кабель питания, удлинитель кабеля 220 вольт, не нужно искать свободной розетки и еще значительный плюс, это при выключении телевизора (выключается телевизор - выключается питание для конвертера на порту USB) - выключается конвертер, таким образом в доме не будет включенных устройства без Вашего ведома.

Достоинство - усиленая громкость в сравнение с другими аналогами.

Внимание: Не забываем снимать защитные колпачки с оптического кабеля.

Характеристики:


	Вход: 1 х Toslink, 1 x RCA (коаксиальный)
	Выход: RCA L / R аудио (стерео - тюльпан)
	Выход: 3,5 гнездо под наушники
	Простой в установке и простой в эксплуатации.
	Простота в использовании: установка в считанные секунды , не нуждается в настройке.
	Поддерживает частоту дискретизации в 32, 44,1, 48 и 96 кГц.
	24 -битный S / PDIF  поток на левый и правый каналы.
	Обеспечивает электромагнитную - бесшумную передачу.


Комплектация:


	1 * Analog to Digital  Audio конвертер
	1 * оптический кабель 1 метр.
	1 * USB кабель для питания
	1 * Розничная упаковка

"
perekhodnik-audio-optikakoaksial-na-tulpany-2rca-tc51800,77293,Перехідник аудіо-оптика на тюльпани Toslink to RCA; з кабелем; 77293,"<div>
    <p>Призначений для підключення колонок і музичного центру до телевізора.</p>
    <p><strong>Характеристики:</strong></p>
    <ul>
        <li>Вхід: 1 х Toslink, 1 x RCA (коаксіальний)</li>
        <li>Вихід: RCA L / R аудіо (стерео - тюльпан)</li>
        <li>Простий в установці та експлуатації</li>
        <li>Простота у використанні: установка за кілька секунд, не потребує налаштування</li>
        <li>Підтримує частоту дискретизації 32, 44,1, 48 і 96 кГц</li>
        <li>24-бітний S / PDIF потік на лівий і правий канали</li>
        <li>Забезпечує електромагнітну - безшумну передачу</li>
    </ul>
    <p><strong>Сумісність:</strong></p>
    <ul>
        <li>Телевізори з оптичним виходом (SPDIF)</li>
        <li>Зовнішні пристрої з RCA-роз'ємами</li>
    </ul>
    <p><strong>Комплектація:</strong></p>
    <ul>
        <li>1 * Analog to Digital Audio конвертер</li>
        <li>1 * оптичний кабель 1 метр</li>
        <li>1 * USB кабель для живлення</li>
        <li>1 * Роздрібна упаковка</li>
        <li>1 * 3,5-мм гніздо під навушники на RCA тюльпан</li>
    </ul>
</div>
","Конвертер звука оптический Digital to Analog Audio (цифровой в аналоговый) преобразователь на тюльпан для подключения колонок и музыкального центра к телевизору с оптическим выходом

Нужна консультация? Мы с радостью ответим на все Ваши вопросы. Если есть  вопросы, или помощь в подключении и настройке, рады помочь в телефонном режиме. Номера телефонов указаны.

Также постоянно есть в наличии конвертер с 3,5 выходом по наушники или штекером 3,5 мм Jack, индивидуально спрашивайте о нем.

Если есть  вопросы, или помощь в подключении и настройке, рады помочь в телефонном режиме. Номера телефонов указаны.

Конвертер Digital to Analog Audio преобразует цифровий оптический  L / R аудио сигнал или коаксиальный в аналоговый  аудио .  Этот цифровой конвертер имеет небольшие размеры и довольно простой в установке.

Данный конвертер легко решает проблему подключения современных телевизоров по оптическому выходу (SPDIF) Digital audio out к двух-канальной акустике, колонка, музыкальному центру.

Звук на выходе качественный, поддерживает весь спектр частот 20 Гц - 20 кГц. Намного лучше встроенного в телевизоре выхода на наушники.

Цифро-аналоговый Audio Converter предназначен как для домашней так и профессиональной аудио коммутации. Он преобразует как коаксиальный так и оптический цифровой аудио сигнал в аналоговые L / R аудио и доступны для подключения к внешних устройств, таких как усилитель через стандартные RCA-разъемы (тюльпаны - стерео).Преобразует коаксиальный или Toslink оптический цифровой аудио сигналов в аналоговый стерео L / R аудио сигнал.

Этот конвертер является небольшого размера и весьма прост в установке.

В комплекте конвертер, оптический кабель который подключается одной стороной в телевизор и другой стороной в конвертер, и есть USB кабель. Вы спросите, где зарядное устройство? Зарядного устройства в большинстве случаев не требуется, поскольку USB кабелем можно подключиться к любым приборов или зарядных устройств имеющих выход на USB в частности, большинство наших клиентов подключают к USB порту телевизора. Почему? Это удобно, легко можно спрятать конвертер за телевизор и к нему не нужно протягивать кабель питания, удлинитель кабеля 220 вольт, не нужно искать свободной розетки и еще значительный плюс, это при выключении телевизора (выключается телевизор - выключается питание для конвертера на порту USB) - выключается конвертер, таким образом в доме не будет включенных устройства без Вашего ведома.

Инструкция подключения:

1. С оптического кабеля снимите два силиконовых колпачки. Без снятых колпачков кабель повреждает оптический приемник.

2. Пидкючить оптический кабель в гнездо конвертера SPFIF / Toslink без применения силы. С применением силы повреждаете оптический приемник.

3. Пидкючить оптический кабель в гнездо телевизора Digital audio out.

4. Пидкючить кабель питания в гнездо конвертера DC 5V

5. Пидкючить кабель питания в любое гнездо USB 5V, в телевизоре, зарядное устройство мобильного или другой.

6. Пидкючить Ауде кабель в глиздо R / L или гнездо наушников.

7. В телевизоре выберите (Настройка-звук-аудеовихид выберите оптический выход)

8. в телевизоре выберите (Настройка-звук-дополнительные / экспертные настройки-аудеоформат измените РСМ)

Также имеем постоянно в наличии Оптический конвертер с выходом на тюльпан и 3,5 мини джек -  эту модель спрашивайте у нашего менеджера. При необходимости можем доукомплектовать зарядным устройством 5V 1A, кабелями тюльпан или другими кабелями.

Внимание: Не забываем снимать защитные колпачки с оптического кабеля.

Характерисики:


	Вход: 1 х Toslink, 1 x RCA (коаксиальный)
	Выход: RCA L / R аудио (стерео - тюльпан)
	Простой в установке и простой в эксплуатации.
	Простота в использовании: установка в считанные секунды , не нуждается в настройке.
	Поддерживает частоту дискретизации в 32, 44,1, 48 и 96 кГц.
	24 -битный S / PDIF  поток на левый и правый каналы.
	Обеспечивает электромагнитную - бесшумную передачу.


Комплектация:


	1 * Analog to Digital  Audio конвертер
	1 * оптический кабель 1 метр.
	1 * USB кабель для питания
	1 * Розничная упаковка
	1 * 3,5-мм гнездо под наушники на RCA тюльпан



"
77513,77513,"Сплітер HDMI 3-портовий switch-комутатор 1,4 AV 1080p","<div>
  <p>Пристрій для передачі відео та аудіо з трьох джерел на один екран.</p>
  <strong>Характеристики:</strong>
  <ul>
    <li>Вхідні роз'єми: 3х HDMI</li>
    <li>Вихідні роз'єми: 1х HDMI</li>
    <li>Цифровий аудіо формат: DTS-HD/Dolby-trueHD/LPCM7.1/DTS/Dolby-AC3/DSD/HD (HBR)</li>
    <li>Підтримувані формати відео: HDMI v1.4, HDCP</li>
    <li>Максимальна роздільна здатність: 1080p</li>
    <li>Підтримка форматів: Full HD</li>
    <li>Максимальна пропускна здатність: 340 МГц</li>
    <li>Максимальна швидкість передачі: 3,4 Гбіт/сек</li>
    <li>Максимальна довжина кабелю передачі вихідного сигналу: 720p до 25м</li>
    <li>Максимальна довжина кабелю сигналу: 1080p до 15м</li>
    <li>Матеріал корпусу: пластик</li>
  </ul>
  <strong>Сумісність:</strong>
  <ul>
    <li>Монітори</li>
    <li>Телевізори</li>
    <li>Проектори</li>
  </ul>
  <strong>Комплектація:</strong>
  <ul>
    <li>Спліттер</li>
  </ul>
</div>
","Сплиттер HDMI 3-портовый коммутатор switch 1,4 AV 1080p

Пасивный HDMI сплиттер 3=&gt;1 порта – компактное, многофункциональное устройство. Предназначен для передачи видео и аудио сигнала с трех устройствв на 1 монитора, телевизора или проекторы. Часто этот сплиттер применяется в торговых залах, магазинах электроники, но область применения широкая, так что используй устройство как знаешь. Высокое качество передачи сигнала, поддержка множества форматов видео и аудио, надежное качество, все это в таком маленьком устройстве.

Характеристики:


	Входные разъемы: 3х HDMI
	Выходные разъемы: 1х HDMI
	Цифровой аудио формат: DTS-HD/Dolby-trueHD/LPCM7.1/DTS/Dolby-AC3/DSD/HD (HBR)
	Поддерживаемые форматы видео: HDMI v1.4, HDCP
	Максимальное разрешение: 1080p
	Поддержка форматов:  Full HD
	Максимальная пропускная способность: 340 МГц
	Максимальная скорость передачи: 3,4 Гбит/сек
	Максимальная продолжительность кабеля передачи выходного сигнала: 720p до 25м
	Максимальная продолжительность кабеля сигнала: 1080p до 15м
	Материал корпуса: пластик


Комплектация:


	Сплиттер

"
77302,77302,"Сумісний зарядний пристрій Microsoft Surface PRO 3 44 5 6 7 8 Book Laptop Windows 15V 2,58A 77302","<div>
    <p>Зарядний пристрій для Microsoft Surface та інших сумісних пристроїв.</p>
    <ul>
        <li><strong>Вхід:</strong> 100-240V, 50/60HZ</li>
        <li><strong>Вихід:</strong> 15V 2,58A 40W</li>
        <li><strong>Довжина кабелю:</strong> 1,4 м</li>
        <li><strong>Колір:</strong> чорний</li>
    </ul>
    <p><strong>Сумісність:</strong></p>
    <ul>
        <li>Microsoft Surface 4</li>
        <li>Microsoft Surface 5</li>
        <li>Microsoft Surface PRO 3</li>
        <li>Microsoft Surface PRO 4</li>
        <li>Microsoft Surface PRO 5</li>
        <li>Microsoft Surface PRO 6</li>
        <li>Microsoft Surface PRO 7</li>
        <li>Microsoft Surface PRO 8</li>
        <li>Microsoft Laptop</li>
        <li>Microsoft Laptop 2</li>
        <li>Microsoft Book</li>
        <li>Microsoft Book 2</li>
        <li>1706</li>
        <li>1800</li>
        <li>1735</li>
        <li>1736</li>
    </ul>
    <p><strong>Комплект:</strong></p>
    <ul>
        <li>Блок живлення</li>
        <li>Кабель живлення</li>
    </ul>
</div>
","Совместимое зарядное устройство для Microsoft Surface PRO 3 4 5 6 7 8 Book 1 2 Laptop Windows 15V 2,58A 40W зарядное устройство блок питания сетевой

Нужна консультация? Наш менеджер объяснит все технические вопросы по товару и использованию.

Качественное зарядное устройство, заменитель оригинального зарядного устройства.

Цвет: черный.

Характеристики:


	Input : 100-240V, 50/60HZ
	Output : 15V 2,58A 40W
	Длина кабеля: 1,4 м


Совместим с:


	Microsoft Surface 4,
	Microsoft Surface 5,
	Microsoft Surface PRO 3,
	Microsoft Surface PRO 4,
	Microsoft Surface PRO 5,
	Microsoft Surface PRO 6,
	Microsoft Surface PRO 7,
	Microsoft Surface PRO 8,
	Microsoft Laptop
	Microsoft Laptop 2
	Microsoft  Book
	Microsoft  Book 2
	1706/ 1800/ 1735/ 1736




Комплектность:


	Блок питания
	Кабель питания



"